3.0175885007421854E-7,6.053416572178683E-4,1.5941255386535874E-4,0.0016174255578737314,6.20577130743988E-4,1.5355597457886573E-4,1.9047078019233206E-4,5.053141675220447E-4,9.448334671165193E-6,4.137213025277356E-4,6.384300325118302E-4,2.1386699719657027E-4,6.29032261004135E-4,1.3670848628807267E-4,1.0529322818374204E-4,1.007821566355243E-4,9.154366285044731E-4,2.6192192495809067E-4,1.196121961342438E-4,1.5302164148524197E-4,4.155411043369383E-4,2.640560757885433E-4,1.839807122134271E-4,6.037357601000209E-5,2.0447145706242736E-4,2.029693998819805E-5,2.259985911266702E-4,4.8464487390987475E-4,3.365187862976335E-5,6.1002328603758986E-5
0.9997814466620738,6.056289166347719E-4,3.115717480848939E-4,0.001609120607230728,2.041246036474923E-5,1.4719476489877842E-4,1.7544788085467158E-4,5.053187666722431E-4,6.173001316357801E-4,1.2977770322621123E-4,3.568621070950534E-4,1.438324382426584E-4,3.260705915140812E-5,2.7216201169253724E-4,1.3804396308250043E-4,2.1032167103086108E-4,2.740546356130291E-4,2.65126114637066E-4,5.605494904681755E-5,5.221875214110435E-4,3.374963385961919E-4,2.4329512658907438E-4,1.6024262253956924E-4,6.605608583065619E-5,1.6692434519655E-5,8.439095928642654E-5,2.540977342724475E-4,6.369662331290077E-5,1.356596065600827E-5,1.1630947177228045E-4
0.06890364513578026,5.773481843594816E-4,3.501042633619613E-4,0.0016086933637321687,4.0084652591067425E-5,1.0312783372588361E-4,1.8957224321021292E-4,3.338715573889607E-4,6.443280306802074E-4,3.8159738598976767E-4,6.1479425675257E-4,1.8955888179843743E-4,5.868205113209034E-4,3.2232457251363706E-4,1.4399590141966353E-4,2.0192969489883156E-4,2.775685300038289E-4,2.6373692186168593E-4,1.2580479843699648E-4,8.345560932813946E-6,3.373954437997116E-4,2.4327957640409419E-4,2.4621145251042283E-4,5.5909003475751435E-5,1.8862857145568319E-4,7.819511501943491E-5,4.40352995672522E-4,4.803965201319333E-4,8.181289380518214E-5,6.516136461132636E-4
0.34316504175900375,5.429716993983048E-4,2.7110259385279106E-4,0.0018576991497517813,1.2353118990575523E-4,9.27510269340596E-5,8.127942195539726E-5,4.531959278079257E-4,3.751910393563115E-4,1.8792170408330242E-4,4.994219501700144E-4,8.640265152016302E-4,5.931402432313303E-4,4.2138299030554713E-4,4.3095586300241944E-5,2.644587287119206E-4,6.440822419405764E-4,2.596799479124411E-4,2.7375047438908424E-4,5.199277705164912E-4,4.6727130312098264E-4,2.426874823363689E-4,4.6647959540017253E-4,2.2263462568916886E-5,9.674164310500785E-4,1.04068084040977E-5,3.807419094890831E-4,4.2187845828101057E-4,3.2825865545176586E-5,6.79782981872491E-5
0.036356624607028154,6.334716713842785E-4,3.3024893527429795E-4,0.0019646138094219097,9.00131961601759E-6,2.2346999364301903E-4,1.9307672896047183E-4,3.6387318063071136E-4,2.763688154352865E-4,3.89608280173224E-4,5.082787591380021E-4,1.8497670815704223E-4,6.019399815637277E-4,2.7729155059879007E-4,6.230916293472276E-7,2.3928012744348415E-4,9.033290916483587E-4,3.0085630206099943E-4,5.575408002007955E-5,9.083220365891953E-4,2.991966046066091E-4,2.1652320011914997E-4,1.8380595030636612E-4,2.5539278499113515E-6,6.962218598440427E-6,3.594957573929493E-4,2.5446764259933174E-4,4.781460313485967E-4,3.101129654470801E-5,6.487117991079516E-5
0.36410427559946074,0.0010289256727423473,2.9825468440545404E-4,0.0018353656232490134,4.8040176772469825E-4,2.1336570021813077E-4,1.9391086812269956E-4,5.421318693068422E-4,1.5455585072054925E-5,4.206167283432686E-4,4.962894426429776E-4,5.980516193998562E-4,7.846310852986451E-6,3.334285029425022E-4,1.2373768695308072E-4,2.3101154261102923E-4,1.7407318683030233E-4,4.5710653818285314E-5,2.063680908964341E-5,4.295425132444579E-4,3.05994768821317E-4,2.4175578216526728E-4,2.9869289173903594E-4,7.561765741038785E-4,1.6111070526912007E-5,3.2893844808770927E-4,2.735950421576416E-4,3.7943989751693997E-4,8.37468826798552E-5,1.683991152142217E-4
0.7004418115183821,0.0010177775529442118,8.079662987287402E-4,0.0017108618517082711,2.4109050674757924E-5,8.120084516796856E-4,3.282623763207839E-4,4.89418776708572E-4,3.751633071142721E-4,1.8606722605244027E-4,6.961828159602948E-4,1.1056835934392583E-4,7.682153297826162E-5,2.660685471637224E-4,1.4798999924420654E-4,3.8368913782389395E-4,1.9890737160087655E-4,8.235470560564999E-4,2.652982206547789E-4,4.368154216654103E-4,3.924945149466768E-4,2.4394312335328835E-4,2.456806156277484E-4,1.938779474910595E-5,9.521298249486419E-5,8.369725553266643E-4,1.335225186641139E-4,4.1779901921749023E-4,3.371028102860866E-5,2.033043391217952E-4
0.0855294551779851,0.001021784655539091,2.750715959899112E-4,0.0018291080697588186,5.039115455931474E-4,8.683482349812471E-5,4.682005978610613E-5,4.52655538594184E-4,6.491595343952131E-4,3.436623909105935E-4,6.726477962451677E-4,7.055880307850263E-4,5.757553835606827E-4,2.7032420046269127E-4,4.180960829087627E-4,3.751335482651676E-4,1.2625531253686437E-4,2.6354096361960413E-4,5.815708025522146E-4,5.046561928923696E-4,3.1596085915214277E-4,2.963145896787656E-4,1.7790169522244567E-4,5.764575942290395E-6,9.730978362632462E-6,8.083850169394693E-5,3.2998088114009693E-4,3.166353254498988E-4,5.01069804837719E-5,6.751572953192591E-5
0.1256672546918932,6.485501419629987E-4,8.39441288985322E-4,0.0018606927398694484,9.698082220042964E-5,7.906111679067845E-4,1.7543518464807297E-4,5.404850197303929E-4,2.1118278842694406E-4,3.608344369695588E-4,6.219742227184849E-4,1.6143681552923135E-4,3.356191658641265E-6,2.3208643668160163E-4,1.0911186246683149E-4,6.748472357626743E-5,2.8582776709435836E-4,2.2305687128178342E-4,3.048047302966515E-4,8.025494697289398E-4,4.011077046438494E-4,3.1046877557508034E-4,1.7881817622151394E-4,6.429775393074522E-4,1.672231402635386E-5,5.692347799170527E-5,2.1107300351095546E-4,4.811745069024815E-4,1.2640305757308207E-4,7.491682503992783E-5
0.7489038989821408,5.522588114980844E-4,8.075363174735436E-4,0.001825536578965065,1.3373963550872357E-4,9.648383141496868E-5,3.27965341736391E-4,4.89418776708572E-4,3.751910393563115E-4,1.521752129427659E-4,7.196084114509632E-5,8.484945186061582E-4,5.971514737157763E-4,2.660685471637224E-4,3.187975153193771E-5,2.485024847297627E-4,7.838409914387493E-5,2.589337010790217E-4,5.6929999929553746E-5,4.3829931365113676E-4,4.7009628617398347E-4,2.4319808424884645E-4,2.6913395948409635E-4,1.9108125783709234E-5,5.849585182887628E-4,8.309434181681691E-4,2.0558604601562223E-4,4.260417063067741E-4,7.109159334190279E-5,5.83163631935546E-4
0.38246253891029863,0.0010725853751370577,1.9191497740687772E-4,0.0017535960483426062,5.638250434167039E-4,1.384355391922465E-4,2.222813878794569E-4,5.406504240880877E-4,1.794711587952395E-5,4.237213251923216E-4,4.940542034843592E-4,1.8879579538846566E-4,2.662694951648562E-5,3.322683393639572E-4,1.430907466080733E-4,3.1951913998645696E-5,1.6616127618549297E-4,1.3821490116219343E-4,3.1337538560601876E-4,4.844805967636974E-4,4.0418158326298504E-4,4.8257638985783283E-4,2.8591952167611776E-4,6.548730008834844E-5,1.2400120252374706E-4,6.890733143364851E-5,2.549146201151094E-4,3.1322153974348485E-4,3.0273079872171617E-5,6.095425281793651E-5
0.3169308977972539,0.00107737226719332,7.658711249686674E-4,0.0018464878793393244,1.2104421747614549E-4,2.3097236664824873E-4,2.0010732416025586E-4,3.5820989119284273E-4,2.4337692325789143E-4,3.6705243039578974E-4,6.464752628891773E-4,1.8003491152673414E-4,5.940009762217187E-4,2.67032214245164E-4,1.0923957889736204E-4,2.6439451305882317E-4,1.5138666711583815E-4,2.585667064730388E-4,8.028987143304891E-4,4.358870998400994E-4,3.8805392137116135E-4,3.195766218027588E-4,1.691860553042498E-4,5.851989042054039E-4,6.425424984010237E-5,3.670856381460334E-5,2.0341621143560182E-4,4.1678679969713224E-4,1.4361981312119838E-4,7.442892366615699E-5
0.18236709173673,0.0013763347603140562,2.989681736973338E-4,0.0022503276187950186,1.1405665665415262E-4,1.6908289966356346E-4,2.686562872565982E-4,4.1247550211776955E-4,7.009338228170887E-4,3.5396859324544314E-4,4.6390780767467416E-4,3.4258130513923095E-4,1.3498140484621574E-5,2.583071282374106E-4,8.31784759919306E-5,3.827885500074406E-4,1.646753262449341E-4,2.4193445227386974E-4,2.829924488476044E-4,4.8050972381470924E-4,3.214071010131133E-4,2.461827015992164E-4,2.7941195769120463E-4,1.1442403842014646E-4,7.743969814436118E-5,4.632074082619862E-5,3.9555614665478633E-4,4.977930814836341E-4,1.3826509733165754E-4,3.105237022577958E-5
0.2504055968676257,5.427785904314796E-4,4.637850501908232E-5,0.0019010023749349379,1.8866875447431316E-5,7.251968168363647E-5,3.2597696057938086E-4,5.417766671214271E-4,6.992092657367835E-4,3.52774233842911E-4,4.974036733181771E-4,5.801498612621067E-4,5.878850588040463E-4,4.6845504375811866E-4,7.961566308063713E-5,1.8069118391734145E-4,1.9719131872111988E-4,2.627371166207613E-4,2.6414404688341643E-4,4.2270874706689017E-4,4.4774060711123256E-4,2.474410865515525E-4,3.222455081493739E-4,7.304664344503808E-4,2.2072749582629556E-5,7.54075933676641E-5,1.3406709127479914E-4,2.4537611197606265E-4,1.0227585072398138E-5,3.516402116835614E-4
0.028836695467573115,5.932011973726636E-4,1.0087901058639542E-4,0.001584022680781058,1.4276364289111774E-4,3.1667365902657E-4,1.9741981599761426E-4,3.357883162181531E-5,2.9078862489667612E-5,1.3899024313561128E-4,7.053298386813994E-4,1.28691893567652E-4,3.279956001964353E-6,3.242195874867846E-4,1.424497645022807E-4,2.533968802862914E-4,8.907871497551728E-4,2.64056019710712E-4,5.604954326267679E-5,4.491861782192355E-4,3.0920268982089746E-4,2.4310182293780667E-4,1.6125245667375092E-4,6.407256457671691E-4,2.1382790610367965E-5,5.034003077260463E-4,4.2058268492667285E-4,2.9941986032366944E-4,3.210038768792727E-5,1.2712189210745668E-4
0.0019051480070733096,6.3841957908382E-4,1.5941255386535874E-4,0.0018247845672642623,6.224257958064966E-4,9.939507153030526E-5,1.9140374840462938E-4,4.147809085284302E-4,5.680541808950415E-4,4.137213025277356E-4,6.378710161670489E-4,6.730010278628939E-4,6.29032261004135E-4,1.4319632169854595E-4,1.3547660169587822E-4,1.2341782820531906E-4,9.154366285044731E-4,2.8411462931451605E-5,1.196121961342438E-4,1.340834911315565E-4,4.155411043369383E-4,2.4604556756998165E-4,1.839807122134271E-4,6.037357601000209E-5,3.297264179420688E-4,2.029693998819805E-5,2.2809285486737537E-4,4.8464487390987475E-4,3.365187862976335E-5,3.280514332766192E-5
0.892433561343333,6.047576993664695E-4,2.808583735407112E-4,1.9852630864407154E-4,9.009833719346639E-5,8.815237597969248E-5,1.9285103196741256E-4,4.319578286849472E-4,3.0157963871256445E-4,4.331454115165575E-4,6.480015459462585E-4,1.925917713565803E-4,2.2191536952120996E-5,4.880921696466787E-4,4.911430492393929E-4,2.6863815287600157E-5,8.894968662525546E-4,2.700317463496351E-4,6.660245955903645E-5,4.1360247184895943E-4,3.0023997108585463E-4,2.474953875585368E-4,1.77740472728714E-4,5.720357389354005E-6,1.1685433874509378E-5,8.944084842790216E-5,2.6758944222073024E-4,4.2629041769466224E-4,7.221176991382405E-5,5.15662670755094E-5
0.5485069425626132,5.433152139548526E-4,2.956436422805909E-4,0.0018595924304193644,1.2107605231359903E-4,9.181330711234857E-5,8.127987194635268E-5,4.531207560642146E-4,3.747018669095675E-4,3.54672182023459E-4,5.004084259997432E-4,1.5347417279329341E-4,1.5261130733787215E-5,4.2132484973032955E-4,1.0400654831776903E-4,2.6818815081042436E-4,6.364524789729134E-4,2.593474190037889E-4,5.170224249623616E-5,4.929361303799068E-4,3.0790063309765384E-4,2.426941469448254E-4,4.6467319451321833E-4,1.6700271143276064E-5,7.62676275446482E-5,6.87500794031406E-5,3.1700959705686964E-4,4.657645982206645E-4,2.4731780893015606E-6,6.829552911865045E-5
0.005984712514735729,5.526252962407524E-4,2.0344286069719282E-4,0.0018236617965678872,7.50928465440185E-5,1.9398288398709675E-4,1.4061300153983243E-4,4.940024238550292E-4,3.794716195676482E-4,1.3264249900231073E-4,6.719528233074482E-4,8.615949535870195E-4,4.1953218669186934E-5,3.242324098553542E-4,1.87985985397586E-5,1.281569297522031E-4,9.762016996033082E-4,2.3516761161281293E-4,5.3376870955543145E-5,1.4482698875865495E-4,3.4348271063332393E-4,2.4630456672632654E-4,1.42983914041477E-4,4.171028926203688E-6,6.887473919634015E-6,5.00502620383938E-4,4.4096289318485684E-4,4.8465892862244853E-4,8.581496744981664E-5,6.171950370755333E-4
0.15890096140009902,6.322645535241951E-4,2.875847104802708E-4,0.0016306801525452644,0.005001375478003922,9.114835180749952E-5,8.352028325993661E-5,5.464725372511695E-4,6.198562079705442E-4,1.3077426021190246E-4,6.699048826457379E-4,8.365574598203523E-4,4.3407088897693595E-5,3.317621006793197E-4,5.421086726389519E-5,2.4195148716195099E-4,8.964935297237912E-4,2.3064501168135965E-4,5.161624157825499E-5,3.1163307255536836E-5,3.0780843048058176E-4,1.2246021312853207E-4,4.4906191585113576E-4,6.423591503621495E-4,1.2701396612782017E-5,3.6309970747240876E-4,2.076429672441523E-4,3.039627646427575E-4,7.527309864926255E-6,9.134565580877743E-5
0.304687646967324,6.02846124820113E-4,2.7906008741196376E-4,0.0018331840092502664,7.202606979793098E-6,1.6265954852134743E-4,1.9219631735825412E-4,5.405098965443477E-4,6.211715865842286E-4,3.60920220571838E-4,6.540756849068156E-4,1.5937172628785828E-4,6.950742298157111E-5,0.0232347666789796,1.09047118232597E-4,6.837466441574847E-5,0.0012080730064453673,2.596799479124411E-4,8.549609446227367E-5,4.394914009493648E-4,8.604262824709275E-4,2.431137757146803E-4,1.777738769056828E-4,7.482109377022735E-5,1.3343833635418831E-5,8.309434181681691E-4,3.3357762962527E-4,4.1620715860633595E-4,1.589391880670172E-5,6.92033858462389E-5
0.7653303851591269,0.0010708661494473806,4.48181786863763E-4,0.0018833957598130137,6.411496751260848E-4,1.5691004955010188E-4,8.705657208049356E-5,4.836371046705281E-4,6.34288512703678E-4,3.6327855882448655E-4,6.230206534486298E-4,9.11908157977398E-5,2.3940411695382485E-4,3.2811573153706733E-4,2.899276557479395E-5,2.4115550547574357E-4,9.033157766755935E-4,2.301996893568873E-4,4.398566551626858E-5,9.051721816940412E-5,4.2462274607623214E-4,2.6066912044888816E-4,1.7734958547538908E-4,7.129773875129365E-5,2.5841250450213247E-5,3.3840392764912476E-4,2.6902686138585913E-4,1.100784546299573E-4,8.391312046134673E-5,6.498327954201528E-5
0.777240932795841,6.064242700919442E-4,9.560428272524499E-4,0.00160911998968437,1.86987651616347E-5,1.4991671639152636E-4,1.9144396916281818E-4,5.060567803989603E-4,6.172430693021262E-4,3.6210183477244077E-4,6.54341944172331E-4,1.4490899971754417E-4,5.868930630900618E-4,4.5652250534844034E-4,1.433588284646283E-4,2.0640383572514054E-4,1.5818669807661875E-4,2.5658692611323146E-4,3.989902646256682E-5,4.426587934754394E-4,3.936914662454971E-4,2.474556083599878E-4,1.61623689255229E-4,7.476047186898949E-5,1.661889820807107E-5,9.613991972800824E-5,2.086239346394442E-4,3.0224000535308983E-4,1.2969692767598387E-5,7.180264962585651E-5
0.8194337948814492,6.104229297488044E-4,1.699257141668123E-4,0.0018425770499248188,3.060356692425719E-5,1.6170883528156466E-4,8.047187355188337E-5,5.147984712249644E-4,2.591669712194822E-4,1.1576950773140184E-4,5.038844667612486E-4,1.4569869392406164E-4,3.646980583780795E-5,3.907437845255161E-4,1.5788424711992745E-4,4.0029672519361975E-4,1.5561307903861086E-4,2.3668341297038102E-4,3.2691981112183697E-4,8.108479131648894E-5,3.0534683084875694E-4,2.6592514476559884E-4,4.5490978691254866E-4,4.260413804225424E-5,5.4630825563104705E-5,9.573226134866136E-5,2.143530051619449E-4,3.1707352812030917E-4,7.419943838420218E-5,1.6151402130355893E-4
0.2346853839746248,5.429716993983048E-4,2.7110259385279106E-4,0.0018577481561127868,1.2353118990575523E-4,1.8861743292167136E-4,8.127942195539726E-5,4.531959278079257E-4,6.711386064966343E-4,1.9407469802901791E-4,4.984650721376545E-4,1.3625634593121235E-4,5.916025282889498E-4,4.2138299030554713E-4,1.4686479486014385E-4,2.6231037528347544E-4,6.266384891782749E-4,2.6201075131368024E-4,2.7373762833283734E-4,5.199277705164912E-4,4.6727130312098264E-4,2.3457959008535385E-4,4.5828883369590826E-4,2.0979290865143447E-5,9.674164310500785E-4,8.08383781669368E-5,3.807419094890831E-4,4.1708089370851053E-4,7.057113063753619E-5,6.79782981872491E-5
0.022594038405934713,0.001363334767715807,0.009892152089933848,0.0018307603208967385,4.6870614602400424E-4,2.0397745931876612E-4,8.236049061854083E-5,3.5793620252138177E-4,6.84782389332036E-4,3.4743115290475113E-4,6.213353393123763E-4,6.655387483234938E-4,6.46958335750025E-4,3.2858860013176605E-4,3.8098799793366794E-4,5.979603785508554E-4,1.54990165468555E-4,2.266974215051691E-4,1.5668915338998166E-4,1.641809309234818E-5,3.834407564210458E-4,2.533265290800719E-4,2.4590258186223953E-4,7.257447564841706E-5,3.6238318454612575E-5,3.4334231847754746E-4,2.74372147086734E-4,3.1494137037455883E-4,4.062522652243611E-5,1.683991152142217E-4
0.46808029932357775,6.951806233694789E-4,2.3484757909580505E-4,0.0018200863092803063,9.170986214156665E-5,1.2160870243359796E-4,1.327408528004282E-4,5.004294770064337E-4,6.965168478358105E-4,3.565173332945034E-4,4.301746496250818E-5,7.608313769457811E-4,5.861217965289626E-4,3.506302978628179E-4,7.539967639956543E-5,2.3669649753956591E-4,9.595039832325516E-4,1.9862224298457132E-4,1.1538548028685631E-4,8.501174130338932E-4,3.976385924849213E-4,2.5399248628807315E-4,2.2682790772666665E-6,7.207185346584052E-4,1.8656364884871E-5,8.307244265387875E-5,3.309135259144644E-4,4.818318444661496E-4,7.498195675440352E-5,6.697436904042173E-5
0.504968248495946,5.523276348730474E-4,2.779542570100647E-4,0.0017150750754030108,1.265434568163585E-4,9.442962647227172E-5,1.9511784997986337E-4,4.915867070376109E-4,3.779293001386202E-4,3.618278858692862E-4,7.196084114509632E-5,8.484945186061582E-4,5.96285166730249E-4,2.660685471637224E-4,1.4505608432739296E-4,2.484945454072923E-4,2.8036314165762384E-4,2.589337010790217E-4,3.0831941331155126E-4,4.3126539928009397E-4,4.6727130312098264E-4,2.4326089693269676E-4,2.6449392177373436E-4,1.9108125783709234E-5,5.279695641179613E-5,8.309434181681691E-4,2.0875000204515133E-4,4.1779901921749023E-4,1.4097043611690428E-4,6.296936579476863E-4
0.40370762856229936,0.0010225527554677367,3.0493052925903766E-4,0.0018320395965146176,5.039115455931474E-4,8.683482349812471E-5,8.696443148181697E-5,5.878423215759837E-4,6.482724857734006E-4,3.436623909105935E-4,7.75308768085362E-5,2.0826174696181478E-4,5.83550400137584E-4,2.366723504450439E-4,1.2433839582244805E-4,2.484686316541726E-4,1.2625531253686437E-4,2.3757382116815573E-4,5.940533016191896E-4,4.3818149710254364E-4,3.090923197891355E-4,2.917419979301495E-4,1.8069414457291434E-4,5.764575942290395E-6,3.068860866881381E-5,9.010640859453327E-5,2.6004486462454944E-4,3.195539198230453E-4,5.01069804837719E-5,1.7023149376696586E-4
0.3511588270742978,9.600327734980148E-4,1.9200493789996623E-4,0.0018562195639593205,5.424368521488508E-4,0.0011397739516832805,2.2055542415225568E-4,3.5745846455418554E-4,3.751287391237349E-4,3.5929475948371834E-4,6.216722735645717E-4,8.902753051276539E-4,4.3369496104551345E-5,3.285848572808697E-4,4.232871641649392E-5,1.1439039167817543E-4,1.7911246588840502E-4,2.335956400865495E-4,2.629720831869189E-4,8.051390010676985E-4,3.832909434922238E-4,2.4285434535205585E-4,1.832455801703272E-4,6.38704171770289E-5,1.2354830250482644E-4,1.0282510053373792E-5,3.3341847965768736E-4,3.130787865781181E-4,3.3139930647706464E-5,8.374374093256169E-4
0.5663933899565768,0.001328237472497024,7.90248646436662E-4,0.0018212593829613046,6.223534403078568E-4,9.526335362751014E-5,2.1358018366489487E-4,0.0012536426714378488,2.7146941349144213E-4,3.4404497329470693E-4,6.166009970332449E-4,2.1074996992095696E-4,4.5706963259211286E-5,3.289819780276924E-4,4.297353070680195E-5,2.7044844507004203E-4,2.2404431602895383E-4,2.1141200000496005E-4,1.3615368703049846E-4,6.990887505221617E-4,3.948630667779393E-4,6.817207661866901E-5,1.7571439251224687E-4,6.685855245021387E-4,2.4399416978223686E-4,8.269524506317697E-4,2.620212853907137E-4,1.2167409057162171E-4,7.448995464159728E-5,7.165642375065869E-5
0.21225588329816011,5.768586919166357E-4,1.9414251781344025E-5,0.0016281044242977315,3.823378344687652E-5,1.40588366579525E-4,8.61727353874658E-5,0.00124403334769922,6.540444692574075E-4,3.6209848299277597E-4,4.962702325624551E-4,8.262300948927307E-5,6.075418626176782E-4,3.4904408158784733E-4,4.456763367958267E-4,3.7587137303622605E-5,1.9724748625906064E-4,1.7522697179559664E-4,4.701502361556461E-5,8.578855811554153E-4,3.3959726947358436E-4,2.475553947871598E-4,2.5243470438146955E-4,6.548902675547513E-4,3.6208041400140345E-5,1.199563197062402E-4,1.1754530115709683E-4,4.94213097172481E-4,3.5229168101220184E-5,5.942658721228819E-5
0.048421253837774014,0.0013533741324353729,4.2319126542924017E-4,0.0019001464674572202,1.1637629965144825E-5,3.366978699778994E-4,1.9312946882285247E-4,5.43944597450466E-4,0.024266174433466965,3.5320338876784925E-4,4.974036733181771E-4,5.661706879888785E-4,6.514954458830807E-4,3.222933587483554E-4,7.961566308063713E-5,2.5333987794952606E-4,2.8638185745804526E-4,2.631181078496403E-4,3.0721916378876024E-4,4.3124094614209853E-4,4.4774060711123256E-4,2.475351448175683E-4,3.0293595034884503E-4,7.304664344503808E-4,5.3833979194306345E-5,7.949384359650974E-5,1.7262267586024127E-4,4.999871172156733E-4,7.100069330268969E-5,0.003907373467370084
0.3914098177824467,6.940094971704672E-4,9.281211331409674E-4,0.001810516037092412,5.042340413317268E-4,2.6404753971657954E-4,9.045917557741815E-5,5.886832580120949E-4,6.682216292631612E-4,3.619240250721455E-4,6.901718264212716E-5,1.991447305930928E-4,8.828082721138364E-5,4.572633723653528E-4,4.446300819908345E-4,2.379669727843123E-4,1.8094155812690515E-5,1.5084547881987785E-4,6.520564694015181E-4,4.121039725773286E-6,3.986143072000948E-4,2.8196636458531705E-4,3.3203116412890707E-6,5.644511123733456E-5,5.8388330168433565E-5,8.001033142714486E-5,2.592979071296485E-4,3.5372990361594693E-5,1.3741541370992778E-5,7.104948998066031E-5
0.8081041577867422,0.0013507953053147035,3.3481723935166333E-4,0.001827797248626541,6.47140021946023E-4,7.467550116273522E-4,5.7566108618342033E-5,4.555813667521326E-4,1.562293210387929E-5,4.179041858382164E-4,5.655136573289284E-4,5.917509434757322E-4,3.681878180739051E-5,2.3737051186438688E-4,4.1782771929245054E-4,2.3177592220092758E-4,1.4698398798478716E-4,2.75277547712244E-4,9.960026481632303E-5,9.23307411569521E-4,4.000202586371567E-4,2.767863226185178E-4,3.000554720180864E-4,7.80400714837976E-4,1.8794564201889922E-4,6.169989278047164E-6,3.251846969917142E-4,3.135321382859869E-4,4.050848256830248E-5,6.232078526324418E-4
0.6790246324873146,0.0010368372856703078,8.273951238714963E-4,0.0018187077745015824,4.705377717716027E-4,2.0418700730921973E-4,1.8983492938860384E-4,3.6324473418717924E-4,6.992113718044458E-4,3.6210183477244077E-4,6.195432224753411E-4,6.879652433127632E-4,5.874181954559451E-4,3.289333075672216E-4,1.3713004782522383E-4,1.7903417189719045E-4,2.781014946779319E-4,2.534272636751939E-4,1.2930561738390756E-4,0.0014778729893707928,3.0132156515763034E-4,2.2146700245897187E-4,1.0517770891706137E-6,9.207805376243672E-5,1.5811615063426146E-5,3.682428816151193E-4,2.742963604419181E-4,2.638297969365393E-4,7.004067421472818E-5,1.703855031828042E-4
0.2932518305629007,4.039672616600474E-4,8.379879452317988E-4,0.0019366909190921054,6.640359207536068E-4,4.650754488051798E-5,2.3650281330635063E-5,3.9229958233196046E-4,6.456909001263818E-4,1.8832777625283823E-4,6.377818213902793E-4,0.002719324304304285,3.729517057794964E-4,3.2580594176109497E-4,9.285107499085102E-5,2.0039292192581393E-4,9.543175925295535E-4,2.1133702682532197E-4,3.468292019985356E-5,1.51948273028779E-4,3.1148539544967725E-4,2.4649536230029334E-4,1.8181197196262978E-4,1.2725656380093862E-4,1.8283918317057794E-5,1.4196297713398013E-5,3.4111406487168767E-4,4.8016765079459295E-4,2.9950386165955925E-5,1.567702686093266E-5
0.00764505094495832,5.54706943703273E-4,0.0010432084798177336,0.0017159975301155395,6.275543743114306E-4,3.1925681567894883E-4,2.331647561886248E-5,4.898650419999112E-4,3.743413013438794E-4,3.503588530950581E-4,6.379442504205088E-4,2.1299754317636473E-4,5.974232903734727E-4,3.975703297757803E-4,6.103077200749604E-4,2.4506448034248174E-4,9.762003393333082E-4,2.351074599125215E-4,6.177927802321612E-5,1.336030653654784E-4,2.780737837866642E-4,2.2263086358626996E-4,1.7568935722233874E-4,1.307610367141399E-4,6.887473919634015E-6,3.841637062497088E-4,2.2807772254327562E-4,1.503515790313671E-4,1.2186273951833876E-5,6.761471088174001E-4
0.8638579614235964,5.523243284988771E-4,2.779542570100647E-4,0.0017150750754030108,1.3373963550872357E-4,9.442962647227172E-5,3.27965341736391E-4,4.89418776708572E-4,2.6052884368432124E-5,3.618278858692862E-4,9.889696688281959E-5,8.484945186061582E-4,3.6487297621996714E-4,2.6619740258847636E-4,1.8924848804146883E-4,2.489685428445856E-4,2.9633549814852113E-6,2.589337010790217E-4,2.6524429640620745E-4,4.41410813394105E-4,4.6727130312098264E-4,2.435571284980866E-4,1.7498403620826327E-4,1.9108125783709234E-5,2.345544622244365E-4,8.309434181681691E-4,2.0875000204515133E-4,4.1802697493954923E-4,1.4097043611690428E-4,5.910208014950569E-4
0.8468569392850698,0.0013500962305357683,2.779542570100647E-4,0.0017116124189894047,1.3373963550872357E-4,3.1935721581304515E-4,3.2294704491918417E-4,4.223040720772297E-4,3.750537668173877E-4,3.618278858692862E-4,7.196084114509632E-5,3.586035850923518E-5,3.5986679578020895E-4,2.660685471637224E-4,1.4505608432739296E-4,2.4843471497812457E-4,2.8014988688337294E-4,2.589337010790217E-4,5.4222397996042654E-5,1.6585926036248014E-5,3.0177669750194316E-4,2.4326089693269676E-4,2.716800253623659E-4,1.0350814992694522E-4,2.345544622244365E-4,8.309434181681691E-4,2.195222570417995E-4,4.0757676823211626E-4,1.4097043611690428E-4,5.910208014950569E-4
0.9131629615091653,6.384160071996583E-4,0.0010350587625229898,0.0018352603345568096,6.649198339696019E-4,8.916847842789185E-5,3.1256152835464E-4,4.181615652019803E-4,6.731050265319662E-4,3.7414472964453216E-4,3.6985767889199527E-4,1.534425429938506E-4,7.886483591191152E-6,3.8574917335167753E-4,3.022100637329243E-5,2.503840463970121E-4,2.9280727888177126E-4,4.779083674939693E-5,3.5428796251038276E-5,4.933253939975354E-4,3.0574985536908266E-4,2.4188678625178156E-4,4.565828727825838E-4,1.0762216716140438E-4,2.2084348938773235E-5,3.2347371953272145E-5,3.173702741248488E-4,1.3998012792732704E-5,8.30232898403029E-5,1.3823629446788148E-5
0.5319230574676295,5.505646978164324E-4,4.2176839744577024E-4,0.004725257639742686,5.799039149031567E-4,7.631080846871321E-4,2.2563667541379992E-5,4.53935130954166E-4,7.549035550604264E-4,3.62412742957273E-4,6.934332309875775E-4,1.638624053712153E-4,9.731458763262611E-5,2.823833983984604E-4,1.0689283574114735E-4,2.1137396518139206E-4,9.478490039482442E-6,2.3355945928010905E-4,1.2690616843097564E-4,2.1624572355941106E-5,8.449541909797718E-4,2.490622118446125E-4,1.684422767383156E-4,7.112807343933774E-4,0.0012114851415855172,5.100685937297918E-5,1.3382031209649062E-4,3.080900985025197E-4,1.5949228114053067E-5,2.338773757077225E-5
0.962893642553732,6.368953799413481E-4,0.0010212064117396211,0.0018210602202358682,6.243198671867421E-4,9.965989251253145E-5,9.050563233387454E-5,4.1818668737530747E-4,5.639922745311515E-4,3.6333254236103055E-4,6.364232340600001E-4,6.729506889384541E-4,7.858241146600412E-5,2.21618045275247E-4,1.8405702831033306E-5,1.2492109839502683E-4,1.2412533340853133E-5,2.304210937847061E-5,1.0916907229700494E-4,1.3469990161351573E-4,2.657243032523146E-4,2.2340770666590397E-4,5.4434052282158055E-6,6.507097476275874E-4,3.3138204407325814E-4,2.8175067115468467E-5,2.57734340644518E-4,1.4944215335830442E-4,3.372738086110815E-5,6.760679433276752E-4
0.19631013925144092,6.019493233408255E-4,2.4060327000399842E-4,0.0015043222218541542,6.478775481396526E-4,1.5874860163273019E-4,8.8003525329868E-5,3.635195331814268E-4,6.548746445006783E-4,3.77782814187046E-4,6.19687751525323E-4,5.211630091931615E-4,6.02111430023862E-4,2.777227813345087E-4,8.616849022293678E-5,2.536080325032353E-4,2.8278680384688704E-4,2.3465462565544915E-4,1.007691036448731E-4,4.912300975573498E-4,3.9151761340303044E-4,2.430443686034114E-4,1.7756048357520836E-4,5.5847621675137404E-5,2.971690847339036E-4,3.9120855477356616E-5,3.3333655567746676E-4,4.1614236786426497E-4,1.901570373742712E-5,8.096608196454101E-5
0.015010584597434262,6.400904914465523E-4,7.179036266376481E-4,0.001884769755647221,4.767242086197565E-4,1.3759794356224336E-4,3.624240024178165E-4,5.702803943407862E-4,6.933422342633184E-4,3.891542180416048E-4,6.674377817219335E-4,1.4864567213624706E-4,5.9082668622052785E-5,3.3213463573182074E-4,2.1696234339860882E-4,3.7435974879075634E-4,2.612661018442332E-4,2.323904888964127E-4,5.520674883220572E-5,8.505364023002097E-4,2.5896446248667416E-4,2.201969928035376E-4,2.9988951353886086E-4,6.991418443811302E-4,0.0010902980970572706,4.822400234338649E-4,3.2405393190585347E-4,5.085648382803906E-4,7.563557157654913E-5,6.744441132391723E-5
0.1677688268688397,0.0010350908482557924,3.465372074123947E-5,0.0018144208373513336,6.708090189183793E-4,1.3202382664700228E-4,2.7628955844041835E-4,4.2984906887504276E-4,6.711079277613234E-4,3.6754158568011046E-4,6.668584133918554E-4,1.9535100223747742E-4,7.318486563647494E-5,3.2637555213411095E-4,0.0019168643671472944,3.784254986709271E-4,1.613617423253411E-4,1.7175273779078843E-4,3.098280111259345E-4,8.098376204205259E-4,3.821583643239268E-4,2.2084387156692735E-4,1.2656039022124435E-4,6.639674084731768E-4,2.1881805838271955E-6,8.105468823829613E-5,4.5102968372188985E-4,3.15344293058194E-4,7.147495752565035E-5,8.317158183705315E-4
0.8851834317924567,6.20982823956134E-4,7.694032290431923E-4,0.0018178518670238647,1.86987651616347E-5,1.2334578087508423E-4,1.9013196397299514E-4,5.060567803989603E-4,6.975450594597779E-4,3.6210183477244077E-4,6.509191383924222E-4,8.018882313191888E-5,6.363083053938735E-4,3.164512710897578E-4,1.424653354255472E-4,2.584333736579701E-4,1.4082875034738195E-4,8.14695826434183E-4,1.2930561738390756E-4,0.001491670756235464,3.025937642192934E-4,2.2214922937565979E-4,1.8667003056738863E-4,6.395367045387097E-4,2.320232398988846E-4,3.74272018754277E-4,1.666490679244538E-4,5.184408021787887E-4,0.02014679640074179,4.8054155013571294E-4
0.42550611461085186,0.001353512052940499,0.0010607132359650255,0.0019374234022217513,7.325854531535687E-4,1.3567298138561046E-4,2.8489328649386204E-4,4.682379930238927E-4,7.035884722621682E-4,3.6151507413905505E-4,6.205675055667831E-4,3.923586702064075E-5,4.576922295537113E-5,4.558264500324416E-4,1.0910599315988557E-4,3.9398154968549824E-4,8.828564556299282E-4,2.1218239645843452E-4,1.946645286971155E-5,3.74802586461245E-5,3.963114840193528E-4,2.474553900261479E-4,1.7633283248702256E-4,1.9822788180789577E-5,8.33431405619293E-5,4.6548392730567985E-5,3.838939228626072E-4,4.251450248379139E-4,1.6756471517460087E-5,7.165093480189038E-5
0.7335567183478588,9.887656871728073E-4,1.3932415983936236E-4,0.001818690014442442,1.86987651616347E-5,9.168940327003337E-5,1.8983492938860384E-4,5.060567803989603E-4,6.992113718044458E-4,3.59722137199463E-4,6.508359609593486E-4,8.548148885437837E-4,5.874181954559451E-4,1.316296377008984E-4,1.416177185168442E-4,2.4478869624486516E-4,1.2851226852343022E-4,2.534272636751939E-4,1.2930561738390756E-4,7.987108679546483E-5,3.363120052056814E-4,6.644956404282715E-6,1.0517770891706137E-6,4.606044411600065E-5,1.2153816348147166E-5,3.6367462896901985E-4,2.6326433188991966E-4,3.2170415339804906E-4,5.135996069850216E-5,6.666311891584978E-5
0.06167145746148374,0.001011880361171246,0.0010480804788166286,0.0018901217039063495,3.943068729293694E-5,1.0639780416077355E-4,2.0353175574771532E-5,3.317412690895521E-4,2.533816095372784E-4,4.2742604918280763E-4,6.793669303683281E-4,6.766317141379064E-4,5.868205113209034E-4,3.2421025692611066E-4,3.0155024281286697E-4,2.0201610121150742E-4,1.0500406030669493E-4,3.3441016132653177E-4,5.692385158986735E-5,8.345560932813946E-6,3.2481008335580135E-4,2.7619584610656396E-4,2.4621145251042283E-4,1.0774311290326501E-4,1.9579010281041225E-4,4.947754583542589E-4,4.403668716625742E-4,3.2330302733518944E-4,1.2318433330450263E-4,6.701394499386349E-4
0.17375234326311856,6.547881833898645E-4,2.4036325138321947E-4,0.0014129939393837747,6.460257858372086E-4,1.575215352212233E-4,3.615883253553902E-5,4.5645785105906443E-4,7.067271710533967E-4,7.409603316000672E-4,6.204059724650569E-4,2.1070761768137255E-4,5.931322088744964E-4,5.068918097377113E-4,8.616849022293678E-5,2.532366179447425E-4,2.9759930278255755E-4,2.525862479911328E-4,6.759869577160698E-5,4.904712428934302E-4,3.8572808057408E-4,2.4575882738004046E-4,2.974457137532459E-4,5.631398794699158E-5,8.713062276588437E-7,3.1507564384215196E-4,2.5778815824546546E-4,7.49720131386709E-5,1.751658753417733E-5,8.076755705345651E-5
0.48013315338489365,6.168708917755801E-4,2.4345923898172364E-4,0.0018322822566445838,9.200696880242259E-5,1.4010760808756673E-4,1.816401206056973E-4,5.001278698147786E-4,6.050802243639294E-4,3.6013911547914024E-4,4.301746496250818E-5,1.488496188787898E-4,4.2985062383740205E-5,2.7766209128212414E-4,8.620670046566505E-5,2.5148960583082087E-4,9.595039832325516E-4,1.9681226191842373E-4,8.088838841137369E-5,8.518040558462734E-4,3.3699383625300896E-4,2.538981992397805E-4,8.317433172045217E-5,7.207185346584052E-4,1.1817573594854826E-5,5.197450915920486E-7,3.2831320086338403E-4,4.700529687329388E-4,7.486566608960757E-5,6.697436904042173E-5
0.10366429785631137,0.0010284050067481435,2.780546948215786E-4,0.0017165458630164288,5.190858722307075E-4,9.436280903594661E-5,1.8781956476564583E-4,4.52655538594184E-4,6.566022665312831E-4,3.431536582593383E-4,6.726477962451677E-4,7.055880307850263E-4,5.757553835606827E-4,2.1454770394291415E-4,4.180960829087627E-4,3.751335482651676E-4,2.7460993081067646E-4,2.6354096361960413E-4,5.815708025522146E-4,4.3161357199435777E-4,4.6616629845682074E-4,2.963145896787656E-4,2.631611204353022E-4,5.764575942290395E-6,9.730978362632462E-6,6.72793023805414E-5,2.0943219088978863E-4,3.1536028047953515E-4,5.513113327819726E-5,6.492911966673141E-5
0.6294612368071502,6.96044505234074E-4,1.8744324964724464E-5,0.0018168505993132842,8.412810236914505E-5,1.3773670760943829E-4,3.338461195691482E-5,0.00124403334769922,2.9808390784512686E-4,4.371065275319797E-4,4.917585237560577E-4,1.2091883710280919E-4,2.3088181340741515E-5,4.999717892887346E-4,4.914917435123189E-4,2.396013830742341E-5,2.946014726291034E-4,2.1196834840177392E-4,6.638204494082481E-5,4.6704269597210515E-5,3.393709118873439E-4,1.9418717498300732E-5,4.112863906078257E-4,1.494172188904239E-5,3.556112743264085E-5,1.2151186540838143E-4,2.6695076315933055E-4,4.936271266921293E-4,1.9948839338260725E-4,5.5556408894759585E-5
0.11360444060160244,6.631887140292833E-4,2.6541168576897395E-4,0.001964110118717825,3.056706844589078E-5,2.0084843056466053E-4,1.9305294973910453E-4,5.149247869569664E-4,2.597587740256911E-4,1.8024951819064534E-4,5.046168371264183E-4,3.7836081493868197E-4,3.5846984697378835E-5,3.9071463867601183E-4,3.04524724078884E-4,2.846649649182049E-4,9.475173900624728E-4,2.3671946452299202E-4,3.681814061154876E-5,1.5248887226318005E-4,4.583199012631832E-4,2.840016379640352E-4,4.591301239802935E-4,9.786586889506358E-7,4.322815018355488E-5,6.969636761570709E-5,4.593413771250341E-4,3.1533138111774725E-4,7.340608899711532E-5,0.003754342760965256
0.8361277689834927,5.818327403521654E-4,1.6428166389713001E-4,0.0018347426964832802,6.083752761548897E-4,9.177967788345337E-5,1.1730731280585978E-4,5.361715303870078E-4,2.3424928664526044E-4,1.2124703755819807E-4,5.524280493568489E-5,1.5664125583253203E-4,0.0016209389280058002,3.520987923484899E-4,7.240040036122482E-5,3.974546011049942E-4,2.8015295827577024E-4,1.9648093237720866E-4,3.107318144531417E-4,9.587161664843746E-5,3.3652108256846666E-4,3.986448874852583E-6,1.767200059307819E-4,2.76933403906186E-5,0.0011029154921593566,5.7541640631166534E-5,2.1644387123374867E-4,4.8083495017266177E-4,3.3666617948781286E-4,6.711614587250388E-5
0.2830763459058986,0.0010066262298284727,4.1140821072410547E-4,0.0019385125379684338,8.17580845140271E-5,4.767298853605329E-5,3.349039338053933E-4,0.0012834918128779816,7.014861018873053E-4,3.713796890990426E-4,1.6177572485999285E-5,1.6228659963765765E-4,8.685930048535779E-5,3.242213478420278E-4,0.0020598170992939995,3.9518082548237903E-4,8.922633911581267E-4,2.360898300833549E-4,6.562336706015615E-5,4.5192426297713386E-4,3.111594771386091E-4,2.6623727717323137E-4,1.763595270246024E-4,6.366810762252935E-4,5.013552906243994E-5,7.22201653696112E-5,2.5464396272221015E-4,3.7944870553803853E-4,3.0121983633387583E-5,6.11961435832459E-5
0.609304897289386,6.528265193202753E-4,2.918773111684536E-4,0.001887208779523511,8.000505820081598E-5,9.274856189100832E-5,4.384637823838468E-5,4.876442730918541E-4,7.042687800446965E-4,3.6621786569870246E-4,7.051705559355863E-4,8.350957007655967E-4,6.268622358916879E-4,2.5961799413170905E-4,8.217832769226523E-5,2.41796176667104E-4,0.0010601611720612223,2.598303029651794E-4,5.7056264851016224E-5,4.8553878630844293E-4,3.9127692003442253E-4,2.2049684603901086E-4,2.9619130084982325E-4,6.690408883162925E-4,1.5739109183788593E-5,5.056904555276246E-4,2.611818973101808E-4,2.2984734737715068E-5,8.030626867047503E-5,6.418076403515063E-4
0.6228465981970569,0.0010225527554677367,3.0493052925903766E-4,0.0018320395965146176,4.930908570425193E-4,8.683482349812471E-5,8.696242230726045E-5,4.936571951973263E-4,6.493224001014274E-4,3.43571457974279E-4,6.552438919900374E-4,7.6972375971743E-4,5.83550400137584E-4,2.366723504450439E-4,1.1988490372585422E-4,2.484686316541726E-4,1.2625531253686437E-4,2.4358278648282857E-4,5.903056607207918E-4,4.3818149710254364E-4,3.090923197891355E-4,2.9174981099999806E-4,1.8069414457291434E-4,5.414971566282988E-6,3.074475477453107E-5,9.010640859453327E-5,3.2776752707696304E-4,3.195539198230453E-4,5.01069804837719E-5,1.0267601360831684E-5
2.3635289200951703E-4,3.807809518477582E-4,5.263151003665861E-5,0.0018124611968444004,6.226068294817579E-4,7.490184198595695E-4,2.2747417546494848E-5,4.017105630393642E-4,6.454944660778251E-4,4.133552018067447E-4,6.666056992621217E-4,2.2042908508622963E-4,1.8154231750574368E-6,3.3350676310042775E-4,0.0019448337704218786,3.82355766142464E-4,8.863323115321387E-4,1.7151724473598288E-4,3.159192012590552E-4,1.934544690957676E-4,4.0863158285259227E-4,2.2305287817397397E-4,1.6797829902986456E-4,7.092760125227619E-4,0.001216530215736417,5.1787176033983266E-5,2.2410435247173567E-4,4.8016690287978626E-4,7.464492153336759E-5,7.214059471672809E-5
0.5744728565504096,6.053416572178683E-4,1.5941255386535874E-4,0.0017951607439296313,6.224257958064966E-4,1.5355597457886573E-4,1.899515861089992E-4,5.354527132762657E-4,3.1869322016405007E-4,4.137213025277356E-4,6.378710161670489E-4,4.508814820779425E-4,6.29032261004135E-4,1.4319632169854595E-4,1.365283331936147E-4,2.0021094495102236E-4,6.237655970534511E-5,2.417475089338587E-4,1.2199226330420508E-4,4.837821254141209E-4,3.052428473257225E-4,2.4604556756998165E-4,1.3753632179776E-4,6.228592626657401E-5,6.273584115219331E-5,2.029693998819805E-5,3.230518343484736E-4,4.8464487390987475E-4,3.365187862976335E-5,6.510506832648599E-4
0.4922933669171579,5.974711431092387E-5,7.110488331639312E-4,0.0018100153870311312,5.693456034894574E-4,1.28474136675367E-4,1.904047349674391E-4,0.0012556739024014714,6.188181183001247E-4,4.374603612223391E-4,6.539411950693945E-4,1.6172579869077653E-4,6.412429980205904E-4,5.052694274475462E-4,4.7959134364840603E-4,1.7995863145196437E-5,8.979172215095043E-4,2.321244081820233E-4,1.1907207613465065E-4,1.5002987188171923E-4,8.343721664777523E-4,2.4577298723725327E-4,4.122730513965951E-4,6.0738513898944754E-5,1.804779184851838E-5,9.751621044559142E-5,1.3225419842680314E-4,4.8488500329685596E-4,1.181653713563277E-5,6.216711955135553E-5
0.437836586961699,5.428474138064425E-4,4.480323815665196E-4,0.001850924497208315,2.7432218591535366E-6,7.264449493984938E-5,1.9312946882285247E-4,5.43944597450466E-4,6.13897870815587E-4,3.52774233842911E-4,4.980284006633995E-4,5.661706879888785E-4,6.484479661387229E-4,3.2229303149559007E-4,7.961566308063713E-5,9.62492117471684E-5,2.8638185745804526E-4,2.627371166207613E-4,3.0721916378876024E-4,4.3124094614209853E-4,4.4601878376521436E-4,2.474410865515525E-4,3.0293595034884503E-4,7.304664344503808E-4,5.1428412131666504E-5,7.54075933676641E-5,1.5954903899844275E-4,4.993631446585738E-4,7.201605481791573E-5,0.003836545555245631
0.6544429949461932,6.098448483826327E-4,0.0010583672118729276,0.0018395916140612294,1.4279060698801796E-5,1.6314884147471812E-4,1.8618435162193707E-4,5.063792039533637E-4,2.6507567030369485E-5,9.698380573490076E-5,6.703289374659676E-4,1.458245315140066E-4,8.094687664138891E-5,4.5718680468640594E-4,1.546149142086974E-4,2.5773227192140807E-4,1.5619662544058113E-4,1.5908215323154654E-4,3.334875732476513E-4,9.476278649464263E-5,4.6695392853478773E-4,2.6504508688369153E-4,3.3566192202685865E-6,7.08126750278625E-4,0.0010944458460664286,9.613991972800824E-5,1.4053951152512105E-4,2.9559647765920957E-4,4.4849473619402686E-5,5.928639722172042E-5
0.72779568991464,0.0010233141202286287,5.07267246026744E-4,0.0018325514338253736,6.956553384410494E-5,9.367607133360402E-5,1.3526236195248684E-4,3.5962386382009455E-4,6.493280185693518E-4,1.9387582128031314E-4,7.400845381543731E-4,5.39896429331077E-4,1.1931365132365876E-5,2.7984989302050513E-4,1.54941801008697E-4,2.1631399801713268E-4,6.369996990553368E-4,5.165159012355383E-4,1.2632447472609454E-4,5.206229636135923E-4,3.913905854954789E-4,2.539687117092629E-4,4.8116509677823677E-4,2.485856071596337E-5,9.649651812197419E-4,2.014017769927815E-5,3.277866375131408E-4,4.1002201745268926E-5,1.329481411908949E-4,2.0284788968626688E-4
0.22556376128226557,6.486983788858526E-4,2.40688704795934E-4,0.0015043222218541542,1.096319095418027E-4,1.5732829217598727E-4,8.714869527167511E-5,3.595404436515667E-4,7.127495738994705E-4,3.622648588152813E-4,7.052905348914715E-4,5.510710151212388E-4,1.9119837517604806E-5,4.670971555606111E-4,8.616849022293678E-5,2.532366179447425E-4,2.8278680384688704E-4,5.635418816466429E-5,3.636078175546497E-5,4.907590624472547E-4,3.91358984600479E-4,2.202631315292664E-4,2.9460745663207623E-4,9.234084194007164E-5,2.139302115871917E-5,4.8504631008093423E-4,0.019192511760766605,4.146332164230287E-5,8.026293281556424E-5,6.489174895882171E-4
0.5916270043186862,0.0010252163682473797,2.9012553848703493E-4,0.0017228997967944873,1.14413275718086E-6,9.298435061257716E-5,3.192590906434928E-4,5.973414437856035E-4,6.117227882314578E-4,4.8180242256233444E-4,4.638521718030744E-4,4.5133326478495064E-4,6.327496812013602E-4,3.8264708182953415E-4,2.1749364294240925E-4,4.0574180196488354E-4,2.1995789153858645E-4,5.456845989857041E-4,4.0775760343861117E-5,4.754216405830944E-4,3.381637717771375E-4,2.2804131957179853E-4,1.7834718700096086E-4,6.251915121306442E-5,4.341027830635591E-4,1.250747029734542E-4,2.789083795840455E-4,4.690680591488841E-4,7.193997836677546E-5,6.757563642180412E-4
0.013253643692075035,0.0010358041885010878,0.0010480804788166286,0.0018901217039063495,3.943068729293694E-5,1.2303039090830257E-6,2.0353175574771532E-5,3.317412690895521E-4,2.533816095372784E-4,4.2742604918280763E-4,6.793944055781792E-4,3.1890669791246554E-4,5.874695460166461E-4,3.2421025692611066E-4,3.0271568131096327E-4,2.0201610121150742E-4,1.0500406030669493E-4,2.2443811997082858E-4,5.692385158986735E-5,8.345560932813946E-6,3.2599516332353274E-4,2.76559049610744E-4,2.4621145251042283E-4,1.0852609910239808E-4,1.9579010281041225E-4,2.9520745217730414E-4,4.744368672793226E-4,3.2330302733518944E-4,1.8548507735614118E-5,1.288966584111459E-5
0.8710982590843007,5.427785904314796E-4,4.637850501908232E-5,0.0019001464674572202,1.8866875447431316E-5,7.251968168363647E-5,3.2597696057938086E-4,5.417766671214271E-4,6.975429533921156E-4,3.52774233842911E-4,4.974036733181771E-4,5.661706879888785E-4,6.523617528686081E-4,3.222933587483554E-4,7.961566308063713E-5,2.600903856781211E-4,2.861686026837944E-4,2.627371166207613E-4,2.6414404688341643E-4,4.382748605131414E-4,4.4774060711123256E-4,2.474410865515525E-4,3.0293595034884503E-4,7.304664344503808E-4,2.3559166836024286E-4,7.54075933676641E-5,1.685474911221755E-4,4.999871172156733E-4,7.201602135159346E-5,0.0037979281887708643
0.5381077356349568,6.059303968306397E-4,4.5237011683956944E-5,0.0018347281100755553,1.4864364530887524E-4,5.250446049755481E-5,2.1980449390697184E-5,4.023387347554412E-4,3.2175882397134054E-4,4.137782792004443E-4,7.049017758744266E-4,3.6480118869142045E-5,3.456826949784753E-4,2.3419985811296048E-4,1.489203060288936E-4,1.9961673793016677E-4,2.6057082570440134E-5,3.164843501069174E-4,4.979631961507039E-5,1.045489311524515E-5,4.2156021073508603E-4,2.1781892989558235E-4,1.7740068188716663E-4,1.028361614621925E-4,2.0339379338327754E-5,4.797638134684863E-4,2.2599462264635101E-4,4.079074504644616E-4,4.086129509376297E-5,3.3902922115584344E-5
0.20709669409419415,6.489055059767599E-4,2.40688704795934E-4,0.0015043222218541542,1.096319095418027E-4,1.5732829217598727E-4,9.078062295267707E-5,3.595404436515667E-4,7.129245330226349E-4,3.622648588152813E-4,6.672614314363719E-4,5.510710151212388E-4,1.9119837517604806E-5,4.649078719618329E-4,2.212373214053095E-4,4.155724050944222E-4,2.8278680384688704E-4,5.596863568648341E-5,3.636905628882006E-5,6.938165446215698E-4,4.6698835305256385E-4,2.4285999463789847E-4,1.7669799062557063E-4,9.234084194007164E-5,2.139302115871917E-5,4.8504631008093423E-4,0.019192511760766605,2.483489705504549E-4,7.308518926624095E-5,1.7385125289781793E-4
0.9225760012092518,0.001011880361171246,0.0010480804788166286,0.0018901217039063495,6.980285087620235E-4,1.0630795072757734E-4,2.0353175574771532E-5,3.317412690895521E-4,2.4783699176562294E-4,3.481620475313795E-4,6.790538687680575E-4,4.431007388690577E-4,6.13814949396405E-4,3.2421025692611066E-4,3.0155024281286697E-4,2.0201610121150742E-4,1.0500406030669493E-4,3.3441016132653177E-4,5.692385158986735E-5,1.594008074957097E-7,3.2481008335580135E-4,2.1527761139431185E-4,2.4621145251042283E-4,1.0774311290326501E-4,1.9579010281041225E-4,4.947754583542589E-4,4.403668716625742E-4,3.2330302733518944E-4,1.2318433330450263E-4,6.760161286798537E-4
0.3165225953394595,6.115088656288375E-4,7.769717076297979E-4,0.0017201988553504882,5.100026703505091E-4,9.352394199444917E-5,2.398741350614576E-5,3.5676920573798405E-4,6.373349478129406E-4,1.7698167343515475E-4,6.323775622945357E-4,1.8157551077152003E-4,1.630029937395777E-5,2.655175582128557E-4,1.1043160881315916E-4,2.1454953050460083E-4,6.467485956059622E-4,5.390854285182645E-4,4.2499582872881784E-5,1.7175286961307822E-4,4.157536579348843E-4,2.2818333447423018E-4,1.6898114808731353E-4,2.402084935104674E-5,9.652806533561735E-4,7.258168101015346E-5,2.6458756944046683E-4,3.0843906789401873E-4,7.226981151425984E-5,8.101613205068427E-5
0.7946393693946101,0.001330407818902243,0.009836220921213584,0.0018309390411061503,1.8166658672569465E-5,1.2321859200088259E-4,8.184001204991581E-5,5.007482487331627E-4,6.741778538522799E-4,3.6365040148612123E-4,6.527112552294574E-4,8.305698649722511E-4,6.46958335750025E-4,4.622296017125941E-4,3.863232863421564E-4,5.994673435249516E-4,1.54990165468555E-4,2.261786426992377E-4,1.5586366649627802E-4,9.365541770744534E-6,3.834407564210458E-4,2.3464658752632078E-4,2.4590258186223953E-4,6.347193168988784E-4,1.8357267155570104E-5,3.300540749067083E-4,2.6268897785805545E-4,3.831020974416887E-4,1.410732057116018E-4,1.6841036752766298E-4
0.5908378269767331,6.530336464111825E-4,2.918773111684536E-4,0.001887208779523511,8.000505820081598E-5,9.274856189100832E-5,4.747830591911664E-5,4.876442730918541E-4,7.044437391678607E-4,3.6621786569870246E-4,6.671414524804867E-4,8.350957007655967E-4,6.268622358916879E-4,2.574287105329189E-4,2.172471586575992E-4,4.0413196381678074E-4,0.0010601611720612223,2.5944448409514657E-4,5.70645393843713E-5,6.88596268482758E-4,4.6690628848650737E-4,2.430937091476429E-4,1.7828183484331703E-4,6.690408883162925E-4,1.5739109183788593E-5,5.056904555276246E-4,2.611818973101808E-4,2.2976191263060215E-4,7.312852512115174E-5,1.667413142133508E-4
0.935636048191717,5.428116816909367E-4,9.642776544118227E-4,0.0047474287281801,9.778759416603728E-5,1.6589474364612263E-4,2.8233597376835914E-5,4.5319148288533624E-4,6.767759750248466E-4,3.6170333185099916E-4,6.945323201085475E-4,1.7254737918514693E-4,5.665575044258391E-4,4.207641244559232E-4,1.1962194109237751E-4,2.0806946740214652E-4,1.6909724090275429E-4,2.597187920563036E-4,8.097460926110932E-5,5.069304257851123E-4,3.41734686128456E-4,2.0223049584652627E-5,1.6797829902986456E-4,7.410512482197934E-4,9.687643061213654E-4,1.1476091454451501E-5,2.5085180296277165E-4,2.918502199786863E-4,7.5927658646504E-5,6.952752691751682E-5
0.26347321169421123,6.900793567615703E-4,9.281211331409674E-4,0.001810516037092412,4.934133527810987E-4,2.6583450745279447E-4,9.045716640286163E-5,5.058525345766236E-4,6.692715435911879E-4,3.6212339634848626E-4,6.466091121531651E-4,7.606065928323533E-4,8.828082721138364E-5,4.572633723653528E-4,4.4017653936434775E-4,0.042410783608167205,1.8094155812690515E-5,1.568544441345506E-4,6.496773940415675E-4,4.121039725773286E-6,3.9424504099810367E-4,2.8197417765516553E-4,3.3203116412890707E-6,5.6081998504219364E-5,1.9246911176029554E-5,8.001033142714486E-5,3.270205695820621E-4,3.5372990361594693E-5,1.3735235996195117E-5,1.7516796585181947E-4
0.4560735638611777,6.329019329219005E-4,3.051280284533861E-4,0.0018207251309000792,6.64261953945644E-4,9.24425348132027E-5,1.3490221903218185E-4,4.84580518822427E-4,7.005303846223287E-4,1.9517479474392838E-4,7.39939207789127E-4,3.4235504283702E-4,2.4549573010268673E-4,2.7852412885431035E-4,1.5370633831439991E-4,2.329934567237851E-4,1.5935270289802435E-4,2.4125864446905863E-4,3.294265858963573E-4,4.846271237967454E-4,3.201869148333795E-4,2.699914771299553E-4,1.6492637497106705E-4,5.425295794952944E-5,3.46509679401265E-4,1.2725226877913866E-4,2.676095135792817E-4,6.073161595526228E-4,1.33310999583809E-4,3.3505938780636695E-5
0.1474428589041981,5.668505458853836E-4,4.293876972272207E-5,0.0018994819858761957,8.758483336211672E-5,4.459345137156328E-5,1.9335258648196492E-4,5.440024461064425E-4,6.842613638642423E-4,1.1325735636551852E-4,6.721611393902707E-4,4.177501941193313E-5,3.5858342299076654E-4,3.2085445025932145E-4,8.000506517502146E-5,5.5454294267588014E-5,1.4191232213709646E-4,2.631208493810396E-4,5.439066499954195E-5,4.2917582150628965E-4,4.4633508661794054E-4,2.4358394211105946E-4,3.0437855739129903E-4,7.274456208483419E-4,1.9341083296204132E-5,1.0512570372072424E-4,4.4588015335903923E-4,3.0410190606330114E-4,7.12162960544129E-5,6.523806696894334E-5
0.9705317200184138,6.368953799413481E-4,1.8585821034213077E-4,0.0018240000931903765,6.671155702957412E-4,9.965989251253145E-5,3.139648478197866E-4,4.1478891027414266E-4,5.652831045992055E-4,3.8083418561318946E-4,6.710523474814071E-4,6.661751225577901E-4,6.140613149021253E-4,2.159732796954241E-4,9.28737037690549E-6,1.211981619942168E-4,2.296226930140496E-4,2.8822182005178848E-5,1.0971370477317951E-4,4.7906520073795386E-4,4.558447147863175E-4,2.4663726548117504E-4,1.8387189969727878E-4,6.507097476275874E-4,3.3138204407325814E-4,2.3354394905728405E-5,3.2422494672200577E-4,1.2008390295508534E-4,3.372738086110815E-5,6.515344806235387E-4
0.05321190601397874,0.0013413174504263196,4.219937833164491E-4,0.0018340773303516912,1.4864364530887524E-4,3.1667365902657E-4,2.5296191452732163E-5,4.229683659195163E-4,2.9980257332891982E-5,3.628804415988313E-4,7.053298386813994E-4,3.6480118869142045E-5,3.613299932466702E-4,2.3419985811296048E-4,0.0019230179694650499,2.533968802862914E-4,3.964713450392099E-6,3.168653413357964E-4,5.364107156416057E-5,9.832557399852278E-6,3.1037511204588006E-4,2.1791298816159816E-4,1.7718735510453414E-4,1.028361614621925E-4,2.0339379338327754E-5,4.918473130874376E-4,4.315502860672534E-4,4.079074504644616E-4,4.0043145235361466E-5,3.5105477963863106E-5
0.05796556519425983,5.814178298880535E-4,1.5941255386535874E-4,0.001888943110658089,6.896580138943383E-4,1.5454914871563093E-4,1.9047078019233206E-4,7.262245782895126E-5,3.1869322016405007E-4,4.157536158698387E-4,6.537081875578183E-4,4.5208410083291884E-4,6.283832263083923E-4,1.4319632169854595E-4,1.3536289469970385E-4,2.0021094495102236E-4,9.154366285044731E-4,3.359269394323304E-4,1.196121961342438E-4,5.224730707138323E-4,4.1435602436920685E-4,2.456823640658016E-4,1.7676217492827357E-4,5.959058981087385E-5,2.0447145706242736E-4,4.973231415112896E-4,1.1927586845996151E-4,4.952920992393463E-4,1.2153391451848132E-4,6.807797766654151E-4
0.45120007757652075,6.05270873391389E-4,3.195766536197196E-4,0.0015954845355142908,2.4571152734884723E-5,1.1587486816878406E-4,1.0042942414873023E-4,4.567834791555973E-4,7.129714998123694E-4,3.6162070439125376E-4,6.212628032463459E-4,2.0059869831790764E-4,5.84059128096397E-4,4.5917834964681234E-4,8.284395290333228E-5,3.9396247786861304E-4,8.828564556299282E-4,1.9159840855644672E-4,1.946645286971155E-5,3.74802586461245E-5,3.963114840193528E-4,2.4475856641467745E-4,1.7750605565123283E-4,1.9822788180789577E-5,3.6878247321394915E-4,4.6548392730567985E-5,3.9332635130201856E-4,6.34931976756871E-4,1.6756471517460087E-5,7.682528005212411E-5
0.14111116049279582,6.064242700919442E-4,2.970462297087895E-4,0.001584052517949752,5.419293497374789E-6,1.45158470027935E-4,1.9144396916281818E-4,5.054422375863803E-4,6.173001316357801E-4,4.809995423689786E-4,6.585115926680595E-4,1.438324382426584E-4,2.394523152773816E-5,1.314692127084284E-4,1.3801435335683592E-4,2.1032167103086108E-4,2.7399925933196934E-4,2.222745817434767E-4,3.576632055702146E-5,4.795450744706024E-4,3.406398474642115E-4,2.4329512658907438E-4,1.6157966433630411E-4,6.495853924835799E-5,1.6692434519655E-5,6.74577832606975E-5,2.525311472960494E-4,4.686723818063677E-4,1.3169886255233494E-5,1.1630947177228045E-4
0.9805802377214168,3.1065652939367015E-4,8.18375066028284E-4,0.0018854957961000397,6.22896994014808E-4,4.7105340091365264E-5,8.207469284440155E-5,4.87429410668933E-4,6.181402365099746E-4,3.3629551259587646E-4,6.378694315114108E-4,1.3451887313127342E-5,6.334340542960139E-4,2.8177576375008656E-4,1.462460958791077E-4,2.0091016311352442E-4,2.7966405968920166E-4,2.6412376153063055E-4,5.650076622481739E-5,1.506189500844485E-4,4.13765821441948E-4,2.44223414352065E-4,1.6706479484851779E-4,2.7114059432618672E-5,2.0372438409641013E-4,2.408717339814149E-5,4.4341915280664886E-4,4.873160602099821E-4,3.48427699409477E-5,2.1593397497926354E-5
0.2767279680462955,6.174864457490332E-4,7.35899205882177E-4,0.0018444398221449168,6.285108213690818E-4,1.7388580536605253E-4,2.673397511417187E-4,4.536871769227778E-4,6.994537210986102E-4,3.663746957353327E-4,8.964342952615052E-5,1.9867236152371228E-4,2.5765303783280183E-7,4.11956105343635E-4,8.678346550752677E-5,2.4925000834506283E-4,6.38056269771325E-4,2.3995950138798266E-4,2.8502071393462743E-4,5.19367894116971E-4,3.870840635853083E-4,2.4287595886535423E-4,4.7491643317327907E-4,1.1439441084483943E-4,2.32331668776965E-4,2.107228753348995E-5,1.3107440867046017E-4,3.099169459047484E-4,1.1033127293381096E-5,5.965076602464743E-4
0.5171471473252738,6.31740387052717E-4,4.5237011683956944E-5,0.001823673337064837,1.4864364530887524E-4,5.250446049755481E-5,2.72638215048306E-5,4.229683659195163E-4,3.6689849290758394E-5,3.6245128667389303E-4,7.053298386813994E-4,4.513824123298526E-5,3.378691996005224E-4,2.3642038287245465E-4,5.823850719383788E-5,2.60139448692416E-4,3.964713450392099E-6,3.164843501069174E-4,5.364107156416057E-5,9.832557399852278E-6,3.1037511204588006E-4,1.2561722661843969E-4,1.7718735510453414E-4,6.228202464858719E-4,2.0339379338327754E-5,4.917192591623045E-4,4.410730914956411E-4,4.079074504644616E-4,5.9035697635065446E-6,3.4028884051235646E-5
0.11271408199647542,6.102421209074369E-4,0.0010583672118729276,0.0018395916140612294,9.777518057875704E-5,8.121771904434276E-4,1.8643384841520184E-4,5.063792039533637E-4,2.445222170478199E-5,9.698380573490076E-5,6.703289374659676E-4,1.6123921169524435E-4,8.094687664138891E-5,2.291532630016643E-4,1.0885735766178187E-4,2.4920790882969953E-4,2.878572647435542E-4,1.5908215323154654E-4,3.334875732476513E-4,8.587576905639447E-4,4.6695392853478773E-4,2.6504508688369153E-4,3.3566192202685865E-6,6.432797911073275E-4,0.0011086690173477448,9.613991972800824E-5,1.4053951152512105E-4,2.9559647765920957E-4,1.236826125200841E-4,5.928639722172042E-5
0.26999291479668497,6.119498784646152E-4,8.104887174692833E-4,0.0017108618517082711,6.364841648721726E-4,8.120084516796856E-4,3.282623763207839E-4,4.89418776708572E-4,3.751633071142721E-4,3.6351047748330284E-4,9.224480554654614E-5,1.1056835934392583E-4,7.229696766062981E-5,2.660685471637224E-4,1.5112483308079674E-4,2.485024847297627E-4,1.9890737160087655E-4,8.204091763440405E-4,2.6524429640620745E-4,4.358481717226134E-4,3.925905528862694E-4,2.4394312335328835E-4,2.524066834948825E-4,1.938779474910595E-5,2.345544622244365E-4,8.369725553266643E-4,1.335225186641139E-4,4.1779901921749023E-4,1.2044867722440405E-5,5.969641080387582E-4
0.7956792246989935,0.001335187433923938,7.673255375087975E-4,0.0018187077745015824,1.86987651616347E-5,1.2342813999133596E-4,1.8983492938860384E-4,5.060567803989603E-4,6.992113718044458E-4,3.6210183477244077E-4,6.509191383924222E-4,8.321447202123345E-4,5.874181954559451E-4,4.62612956099521E-4,1.424653354255472E-4,1.7903417189719045E-4,2.781014946779319E-4,2.534272636751939E-4,1.2930561738390756E-4,0.0014778729893707928,3.0132156515763034E-4,2.2146700245897187E-4,1.0517770891706137E-6,6.541627434348871E-4,1.8410214333424918E-5,3.682428816151193E-4,2.626131912132396E-4,2.638297969365393E-4,1.40464753745747E-4,1.7039675549624552E-4
0.6105487874172043,6.922449416194117E-4,9.281211331409674E-4,0.001810516037092412,3.438880678510682E-5,2.8577826016324727E-4,8.41570656935084E-5,4.944981316334373E-4,6.692715435911879E-4,3.52801740849463E-4,6.466091121531651E-4,5.666605263565309E-4,6.47785678565581E-4,4.572633723653528E-4,4.4017653936434775E-4,2.3851790988129492E-4,2.399125891970429E-5,1.568544441345506E-4,6.331928230688508E-4,4.121039725773286E-6,4.463705120155945E-4,2.816161485727927E-4,3.3203116412890707E-6,5.6081998504219364E-5,5.8444476274143284E-5,8.001033142714486E-5,1.716228869541435E-4,1.4451973939037452E-5,1.3741541370992778E-5,7.104948998066031E-5
0.2645093575283246,6.038221851613901E-4,7.673255375087975E-4,0.0018187077745015824,1.86987651616347E-5,1.2342813999133596E-4,1.9013196397299514E-4,5.060567803989603E-4,6.992113718044458E-4,3.6210183477244077E-4,6.509191383924222E-4,9.413859238732291E-5,5.874181954559451E-4,4.62612956099521E-4,1.424653354255472E-4,1.7903417189719045E-4,1.9694406414942238E-4,8.14695826434183E-4,1.2930561738390756E-4,0.001476104552554051,3.025937642192934E-4,2.2214922937565979E-4,1.0517770891706137E-6,6.541627434348871E-4,1.8410214333424918E-5,3.74272018754277E-4,1.3216866807707744E-4,2.638297969365393E-4,1.2969692767598387E-5,1.7434812077963218E-4
0.09977258314835574,0.0010185925564792503,0.001044974391437442,0.001619303298071052,4.151090559100022E-7,1.6062699870171427E-4,5.723270573846731E-5,5.053187666722431E-4,6.6316271320570035E-6,3.6478792898187216E-4,6.70777732229296E-4,1.9006281040100185E-4,6.025693835198201E-4,3.9051384161789283E-4,5.908686235684859E-4,1.0329994881418082E-4,1.450011133724101E-4,2.618175633281324E-4,6.23927938637902E-5,4.3363039021626767E-4,4.590261618781949E-4,2.6592514476559884E-4,1.61652438007896E-4,6.953289609092252E-5,2.955058214760108E-6,7.952914160114772E-6,3.260915502400468E-4,3.1057733907717E-4,1.3092400969620113E-5,6.286388436481732E-5
0.7143005171358576,0.0010224934321293275,3.114331359614096E-4,0.0018291080697588186,5.039115455931474E-4,8.683482349812471E-5,2.3583214626213172E-5,4.551823514563919E-4,6.491595343952131E-4,3.436623909105935E-4,7.375994394389108E-4,7.055880307850263E-4,3.481253858373676E-4,2.366723504450439E-4,4.180960829087627E-4,2.464104760824253E-4,1.2625531253686437E-4,2.3757382116815573E-4,5.940533016191896E-4,5.048758070873333E-4,3.073408073649545E-4,2.963145896787656E-4,1.7790169522244567E-4,5.764575942290395E-6,9.730978362632462E-6,8.083850169394693E-5,4.379134579447571E-4,3.166353254498988E-4,5.01069804837719E-5,7.25868692304254E-5
9.840945479213867E-4,5.54706943703273E-4,2.078514331185163E-4,0.0017189374030700476,6.693119614292089E-4,3.1925681567894883E-4,2.331647561886248E-5,4.898650419999112E-4,3.756321314119334E-4,3.803665493796345E-4,6.716524028157372E-4,2.0622196774282097E-4,5.972157574096356E-4,3.9192556419592777E-4,5.926835135149914E-4,2.428519131531277E-4,9.762003393333082E-4,2.351074599125215E-4,6.232391049938882E-5,4.7796833694549055E-4,4.5915254507530797E-4,2.4630456672632654E-4,1.7575329135270288E-4,1.307610367141399E-4,6.887473919634015E-6,3.841637062497088E-4,3.2421572356109655E-4,1.2099332862814805E-4,1.2186273951833876E-5,6.516136461132636E-4
0.7143005171358576,0.0010224934321293275,3.114331359614096E-4,0.0018291080697588186,5.039115455931474E-4,8.683482349812471E-5,2.3583214626213172E-5,4.551823514563919E-4,6.491595343952131E-4,3.436623909105935E-4,7.375994394389108E-4,7.055880307850263E-4,3.481253858373676E-4,2.366723504450439E-4,4.180960829087627E-4,2.464104760824253E-4,1.2625531253686437E-4,2.3757382116815573E-4,5.940533016191896E-4,5.048758070873333E-4,3.073408073649545E-4,2.963145896787656E-4,1.7790169522244567E-4,5.764575942290395E-6,9.730978362632462E-6,8.083850169394693E-5,4.379134579447571E-4,3.166353254498988E-4,5.01069804837719E-5,7.25868692304254E-5
0.642643020805124,6.115088656288375E-4,5.099838861222581E-4,0.0017201988553504882,4.865378662007311E-4,9.352394199444917E-5,2.398741350614576E-5,5.808945878339406E-4,6.373349478129406E-4,1.7782439584004456E-4,6.323775622945357E-4,1.8157004837087592E-4,1.630029937395777E-5,4.11956105343635E-4,1.1044347099530888E-4,2.1631399801713268E-4,6.467485956059622E-4,5.390854285182645E-4,3.668366952396593E-5,1.660007286394433E-4,4.157536579348843E-4,2.2818333447423018E-4,1.9511914637940277E-4,2.402084935104674E-5,9.652806533561735E-4,7.258168101015346E-5,2.6458756944046683E-4,3.0843906789401873E-4,7.226981151425984E-5,8.101613205068427E-5
0.08841051649849663,0.0010146396725715175,2.731338540435889E-4,0.001863896410500961,7.439215745052213E-4,1.347117767273856E-4,2.281040103435381E-4,5.063910315603975E-4,7.046289374825508E-4,3.667060806650977E-4,6.700538172765134E-4,4.712973994620348E-5,4.0853095898459697E-4,3.1876601852852903E-4,8.135512291583965E-5,2.4586945493820035E-4,1.9888667728792622E-4,2.63293637163124E-4,1.2852321128529033E-5,6.761730843443537E-4,3.862199223375956E-4,2.6692127031633273E-4,1.7635741095686135E-4,6.577009127794098E-4,1.865391152408688E-4,3.633835356943321E-6,2.5763637534268933E-4,2.247963782337959E-4,1.190300306075304E-5,1.1200302757430916E-4
0.4141525572482175,0.0010258949667471498,0.0010485211937436374,0.00184447781418075,6.0453191520232804E-5,2.795632733885292E-4,2.713046667999352E-4,4.883287164226184E-4,6.488872130242944E-4,3.513348134959255E-4,6.205791764594117E-4,2.155927702278096E-4,3.0409507741238552E-5,4.152387105833567E-4,8.596120008452375E-5,2.1753793056870826E-4,1.8039512982302093E-4,5.381862596748117E-4,3.268230152828015E-4,5.203351440597678E-4,3.9557289633939335E-4,2.4744901448931037E-4,5.034840567818897E-4,5.429813152810441E-5,5.982237440701644E-5,1.2560806334059783E-4,3.350073843047086E-4,8.464354703488492E-5,7.209548455952814E-5,1.9561187226120851E-4
0.987348182322763,6.038174580753965E-4,0.0010212064117396211,0.0018892396332998444,6.253579831779629E-4,1.538207955610919E-4,3.130318796074895E-4,4.0344590811898176E-4,3.146313138001789E-4,3.5082648932861305E-4,6.373441950861787E-4,6.752886769005151E-4,6.142688478659625E-4,2.21618045275247E-4,1.9462074238870433E-5,2.0020384592898122E-4,2.296226930140496E-4,2.2754420015886918E-4,1.0916907229700494E-4,1.536380519672012E-4,2.7476595349767324E-4,2.2296356234111845E-4,1.8380796556691467E-4,6.507097476275874E-4,2.0612708319361675E-4,2.3354394905728405E-5,2.2644311279436453E-4,1.4944215335830442E-4,3.372738086110815E-5,6.631872638411293E-4
